username,timestamp,attention_tag
ecfdpb,2026-02-08T00:20:48.649170,Minecraft
ecfdpb,2026-02-08T00:20:49.213338,Minecraft
ecfdpb,2026-02-08T00:20:49.784059,Minecraft
ecfdpb,2026-02-08T00:20:50.349567,Minecraft
ecfdpb,2026-02-08T00:20:50.917800,Minecraft
ecfdpb,2026-02-08T00:20:51.483393,Minecraft
ecfdpb,2026-02-08T00:20:52.051980,Minecraft
ecfdpb,2026-02-08T00:20:52.618229,Minecraft
ecfdpb,2026-02-08T00:20:53.183634,Minecraft
ecfdpb,2026-02-08T00:20:53.753532,Minecraft
ecfdpb,2026-02-08T00:20:54.316936,Cat Memes
ecfdpb,2026-02-08T00:20:54.879542,Cat Memes
ecfdpb,2026-02-08T00:20:55.449774,Cat Memes
ecfdpb,2026-02-08T00:20:56.015209,Cat Memes
ecfdpb,2026-02-08T00:20:56.581472,Cat Memes
ecfdpb,2026-02-08T00:20:57.148189,Cat Memes
ecfdpb,2026-02-08T00:20:57.714819,Cat Memes
ecfdpb,2026-02-08T00:20:58.281442,Cat Memes
ecfdpb,2026-02-08T00:20:58.848540,Minecraft
ecfdpb,2026-02-08T00:20:59.981745,Minecraft
ecfdpb,2026-02-08T00:21:00.547990,Minecraft
ecfdpb,2026-02-08T00:21:01.113872,Minecraft
ecfdpb,2026-02-08T00:21:01.678874,Minecraft
ecfdpb,2026-02-08T00:21:02.245403,Minecraft
ecfdpb,2026-02-08T00:21:02.812618,Minecraft
ecfdpb,2026-02-08T00:21:03.379705,Minecraft
ecfdpb,2026-02-08T00:21:05.044815,Cat Memes
ecfdpb,2026-02-08T00:21:05.609917,Cat Memes
ecfdpb,2026-02-08T00:21:06.145215,Cat Memes
ecfdpb,2026-02-08T00:21:06.711186,Cat Memes
ecfdpb,2026-02-08T00:21:07.282018,Cat Memes
ecfdpb,2026-02-08T00:21:07.844234,Cat Memes
ecfdpb,2026-02-08T00:21:08.411474,Cat Memes
ecfdpb,2026-02-08T00:21:08.975563,Cat Memes
ecfdpb,2026-02-08T00:21:09.540144,Minecraft
ecfdpb,2026-02-08T00:21:10.109157,Minecraft
ecfdpb,2026-02-08T00:21:10.675064,Minecraft
ecfdpb,2026-02-08T00:21:11.240682,Minecraft
ecfdpb,2026-02-08T00:21:11.808363,Minecraft
ecfdpb,2026-02-08T00:21:12.375127,Minecraft
ecfdpb,2026-02-08T00:21:12.941696,Minecraft
ecfdpb,2026-02-08T00:21:13.508341,Minecraft
ecfdpb,2026-02-08T00:21:14.075248,Minecraft
ecfdpb,2026-02-08T00:21:14.640897,Cat Memes
ecfdpb,2026-02-08T00:21:15.208669,Cat Memes
ecfdpb,2026-02-08T00:21:15.773634,Cat Memes
ecfdpb,2026-02-08T00:21:16.339808,Cat Memes
ecfdpb,2026-02-08T00:21:16.906271,Cat Memes
ecfdpb,2026-02-08T00:21:17.473103,Cat Memes
ecfdpb,2026-02-08T00:21:18.039381,Cat Memes
ecfdpb,2026-02-08T00:21:18.605518,Cat Memes
ecfdpb,2026-02-08T00:21:24.805196,Minecraft
ecfdpb,2026-02-08T00:21:25.367907,Cat Memes
ecfdpb,2026-02-08T00:21:25.937434,Cat Memes
ecfdpb,2026-02-08T00:21:26.503059,Cat Memes
ecfdpb,2026-02-08T00:21:27.068168,Cat Memes
ecfdpb,2026-02-08T00:21:27.633915,Cat Memes
ecfdpb,2026-02-08T00:21:28.201282,Cat Memes
ecfdpb,2026-02-08T00:21:32.166141,Minecraft
ecfdpb,2026-02-08T00:21:33.297011,Minecraft
ecfdpb,2026-02-08T00:21:45.729567,Cat Memes
ecfdpb,2026-02-08T00:21:46.292411,Cat Memes
ecfdpb,2026-02-08T00:21:50.155951,Cat Memes
ecfdpb,2026-02-08T00:21:50.731452,Cat Memes
ecfdpb,2026-02-08T00:21:51.290395,Cat Memes
ecfdpb,2026-02-08T00:21:51.855898,Cat Memes
ecfdpb,2026-02-08T00:21:52.421323,Cat Memes
ecfdpb,2026-02-08T00:21:54.123881,Cat Memes
ecfdpb,2026-02-08T00:21:54.687565,Cat Memes
ecfdpb,2026-02-08T00:22:06.550311,Cat Memes
ecfdpb,2026-02-08T00:22:07.684957,Cat Memes
ecfdpb,2026-02-08T00:22:09.953468,Cat Memes
ecfdpb,2026-02-08T00:22:10.521500,Cat Memes
ecfdpb,2026-02-08T00:22:11.100431,Minecraft
ecfdpb,2026-02-08T00:22:11.583800,Minecraft
ecfdpb,2026-02-08T00:22:12.148649,Minecraft
